{"steps": [0, 1, 2, 3, 4, 5, 6, 7, 8, 9, 10, 11, 12, 13, 14], "naive_loss_list": [0.05605858191847801, 0.09831739962100983, 0.29154878854751587, 0.7505843043327332, 1.3432263135910034, 1.8076419830322266, 2.0809977054595947, 2.1854209899902344, 2.1196465492248535, 1.890041708946228, 1.470155954360962, 0.8703916668891907, 0.33826354146003723, 0.10256312787532806, 0.054323021322488785], "activation_matching_loss_list": [0.056058587728231225, 0.06415413382522894, 0.0814922334234712, 0.10884339068448175, 0.1449751367349893, 0.18454015039684699, 0.2183235986174024, 0.236564120230612, 0.23138817973884296, 0.20148654176826614, 0.15670454049678748, 0.11241595953158437, 0.07900954544963328, 0.05980690037022062, 0.05432303302390939], "weight_matching_loss_list": [0.05605858191847801, 0.06296317279338837, 0.08734141290187836, 0.1385134756565094, 0.2261875569820404, 0.35292789340019226, 0.4897445738315582, 0.5621308088302612, 0.5181695222854614, 0.39174211025238037, 0.24915117025375366, 0.14407292008399963, 0.08738517016172409, 0.06151912361383438, 0.05432302504777908], "hyper": 0.0002}