{"steps": [0, 1, 2, 3, 4, 5, 6, 7, 8, 9, 10, 11, 12, 13, 14], "naive_loss_list": [0.0509260930120945, 0.09855316579341888, 0.31961408257484436, 0.8368141055107117, 1.437517523765564, 1.8671150207519531, 2.103079319000244, 2.1819090843200684, 2.106299638748169, 1.8704824447631836, 1.440527319908142, 0.8455570936203003, 0.33143219351768494, 0.10620424896478653, 0.05963904410600662], "activation_matching_loss_list": [0.05092610118272165, 0.06321443782244429, 0.08846021115571782, 0.12827625317231414, 0.17885190687209063, 0.2290889453093432, 0.26472576011440296, 0.2745564400407871, 0.25582759759269086, 0.21559552170286508, 0.16661754898379505, 0.12150218451277528, 0.08805227347090737, 0.06793439793960097, 0.05963905648312222], "weight_matching_loss_list": [0.0509260930120945, 0.06168299540877342, 0.08616308867931366, 0.12924478948116302, 0.1900535672903061, 0.25403082370758057, 0.2991468906402588, 0.30892467498779297, 0.28050926327705383, 0.22591561079025269, 0.16626013815402985, 0.11688827723264694, 0.08303891867399216, 0.06509009748697281, 0.05963904410600662], "hyper": 0.0001}