{"steps": [0, 1, 2, 3, 4, 5, 6, 7, 8, 9, 10, 11, 12, 13, 14], "naive_loss_list": [0.05129300802946091, 0.08184386789798737, 0.2618236541748047, 0.7577362656593323, 1.3933387994766235, 1.8594403266906738, 2.1131222248077393, 2.18896222114563, 2.0941476821899414, 1.8295505046844482, 1.3599492311477661, 0.750994861125946, 0.28397831320762634, 0.09487903863191605, 0.05605858191847801], "activation_matching_loss_list": [0.051293020966536776, 0.05431721417110838, 0.06945835311406678, 0.0975314556474689, 0.13607014191288866, 0.17641594131742308, 0.2067974158810942, 0.21777542470630917, 0.20677443293363099, 0.17857462095245308, 0.14229073260443698, 0.10758944440134346, 0.08073203209032957, 0.06367179505677273, 0.056058587728231205], "weight_matching_loss_list": [0.05129300802946091, 0.05485708266496658, 0.06663487106561661, 0.08728620409965515, 0.11468269675970078, 0.1435052752494812, 0.16609002649784088, 0.1753537803888321, 0.1680477261543274, 0.14677965641021729, 0.11846568435430527, 0.09090359508991241, 0.07003350555896759, 0.0580798014998436, 0.05605858191847801], "hyper": 0.0002}