{"steps": [0, 1, 2, 3, 4, 5, 6, 7, 8, 9, 10, 11, 12, 13, 14], "naive_loss_list": [0.05963904410600662, 0.10620424896478653, 0.33143219351768494, 0.8455570936203003, 1.440527319908142, 1.8704824447631836, 2.106299638748169, 2.1819090843200684, 2.103079319000244, 1.8671150207519531, 1.437517523765564, 0.8368141055107117, 0.31961408257484436, 0.09855316579341888, 0.0509260930120945], "activation_matching_loss_list": [0.05963905648312222, 0.06793440767450869, 0.0880522679938759, 0.12150220848175625, 0.16661752971071103, 0.21559555343403108, 0.25582754378859224, 0.2745564400407871, 0.2647258152222605, 0.22908891094751865, 0.17885192371140116, 0.12827622752086765, 0.08846021914166945, 0.06321442777410743, 0.05092610118272165], "weight_matching_loss_list": [0.05963904410600662, 0.06838349252939224, 0.10698293894529343, 0.1973409503698349, 0.36847203969955444, 0.6273595690727234, 0.8894317150115967, 1.0268476009368896, 0.9348121881484985, 0.6688040494918823, 0.39465630054473877, 0.20838482677936554, 0.10835485905408859, 0.06516844034194946, 0.0509260930120945], "hyper": 0.0001}