{"steps": [0, 1, 2, 3, 4, 5, 6, 7, 8, 9, 10, 11, 12, 13, 14], "naive_loss_list": [0.05963904410600662, 0.10620424896478653, 0.33143219351768494, 0.8455570936203003, 1.440527319908142, 1.8704824447631836, 2.106299638748169, 2.1819090843200684, 2.103079319000244, 1.8671150207519531, 1.437517523765564, 0.8368141055107117, 0.31961408257484436, 0.09855316579341888, 0.0509260930120945], "activation_matching_loss_list": [0.05963905648312222, 0.06793440767450869, 0.0880522679938759, 0.12150220848175625, 0.16661752971071103, 0.21559555343403108, 0.25582754378859224, 0.2745564400407871, 0.2647258152222605, 0.22908891094751865, 0.17885192371140116, 0.12827622752086765, 0.08846021914166945, 0.06321442777410743, 0.05092610118272165], "weight_matching_loss_list": [0.05963904410600662, 0.0643131360411644, 0.07750599831342697, 0.0995640829205513, 0.12954583764076233, 0.16176018118858337, 0.18742762506008148, 0.19777193665504456, 0.18886461853981018, 0.16381008923053741, 0.13107243180274963, 0.09952147305011749, 0.07485087215900421, 0.058845918625593185, 0.0509260930120945], "hyper": 0.0001}