{"steps": [0, 1, 2, 3, 4, 5, 6, 7, 8, 9, 10, 11, 12, 13, 14], "naive_loss_list": [0.048391230404376984, 0.10405277460813522, 0.341232568025589, 0.8623156547546387, 1.4551218748092651, 1.8800989389419556, 2.1138274669647217, 2.1872711181640625, 2.102576494216919, 1.8601616621017456, 1.4209980964660645, 0.8209431171417236, 0.3205386698246002, 0.10413968563079834, 0.05963904410600662], "activation_matching_loss_list": [0.048391237004617, 0.06433761305362357, 0.09670257068478832, 0.14797529565063305, 0.2129265820869852, 0.2775046635280379, 0.32438049755100257, 0.3411656757673289, 0.32364572828498545, 0.2766759772834029, 0.21279582180421247, 0.14919332560022117, 0.10054435620308097, 0.07189390990770182, 0.05963905648312222], "weight_matching_loss_list": [0.048391230404376984, 0.060280002653598785, 0.09199139475822449, 0.15450067818164825, 0.25477004051208496, 0.3759373426437378, 0.47488269209861755, 0.5112434029579163, 0.47151854634284973, 0.37185412645339966, 0.2503300905227661, 0.15412595868110657, 0.09568378329277039, 0.06788047403097153, 0.05963904410600662], "hyper": 0.0001}