{"steps": [0, 1, 2, 3, 4, 5, 6, 7, 8, 9, 10, 11, 12, 13, 14], "naive_loss_list": [0.05129300802946091, 0.08184386789798737, 0.2618236541748047, 0.7577362656593323, 1.3933387994766235, 1.8594403266906738, 2.1131222248077393, 2.18896222114563, 2.0941476821899414, 1.8295505046844482, 1.3599492311477661, 0.750994861125946, 0.28397831320762634, 0.09487903863191605, 0.05605858191847801], "activation_matching_loss_list": [0.051293020966536776, 0.05431721417110838, 0.06945835311406678, 0.0975314556474689, 0.13607014191288866, 0.17641594131742308, 0.2067974158810942, 0.21777542470630917, 0.20677443293363099, 0.17857462095245308, 0.14229073260443698, 0.10758944440134346, 0.08073203209032957, 0.06367179505677273, 0.056058587728231205], "weight_matching_loss_list": [0.05129300802946091, 0.05353843420743942, 0.0646791011095047, 0.08476292341947556, 0.11229313910007477, 0.14186300337314606, 0.16531044244766235, 0.17493148148059845, 0.16747242212295532, 0.14594903588294983, 0.1174570620059967, 0.08977394551038742, 0.06917667388916016, 0.05755814537405968, 0.05605858191847801], "hyper": 0.0004}