{"steps": [0, 1, 2, 3, 4, 5, 6, 7, 8, 9, 10, 11, 12, 13, 14], "naive_loss_list": [0.11820757389068604, 0.20473219454288483, 0.49744486808776855, 1.0571086406707764, 1.6560873985290527, 2.0792689323425293, 2.2948319911956787, 2.3394289016723633, 2.236719846725464, 1.9646236896514893, 1.5070068836212158, 0.9366203546524048, 0.44683313369750977, 0.20238257944583893, 0.1395544707775116], "activation_matching_loss_list": [0.11820756919199923, 0.13482915557523106, 0.17025452459741505, 0.22466951464305251, 0.2922566746205736, 0.35740713156832243, 0.4012519054794116, 0.41164398977298716, 0.38869015270749196, 0.34100985811504986, 0.28287674332711066, 0.22828544385222424, 0.18527533085518558, 0.15581210416986951, 0.13955448734419212], "weight_matching_loss_list": [0.11820757389068604, 0.13954219222068787, 0.1934598982334137, 0.29307499527931213, 0.4418432116508484, 0.6054539084434509, 0.7252519726753235, 0.7634121775627136, 0.710753321647644, 0.5835922956466675, 0.4238954782485962, 0.28549736738204956, 0.19671082496643066, 0.15198878943920135, 0.1395544856786728]}