{"steps": [0, 1, 2, 3, 4, 5, 6, 7, 8, 9, 10, 11, 12, 13, 14], "naive_loss_list": [0.05628442391753197, 0.10660218447446823, 0.333648681640625, 0.8442150354385376, 1.4445745944976807, 1.878989338874817, 2.116774559020996, 2.1902928352355957, 2.1006367206573486, 1.854093313217163, 1.4209983348846436, 0.8360338807106018, 0.33558598160743713, 0.10433390736579895, 0.048391230404376984], "activation_matching_loss_list": [0.05628444169999713, 0.06826758958064, 0.09654905936093716, 0.1465325518849933, 0.21650873267366588, 0.2911256316111915, 0.34576086105691345, 0.36046525858484646, 0.3314848959470387, 0.27142678349963995, 0.19986977846851592, 0.13509559350497524, 0.08794695110717801, 0.06022027960568615, 0.048391237004617005], "weight_matching_loss_list": [0.05628442391753197, 0.06197258085012436, 0.08320555090904236, 0.12506113946437836, 0.1901683658361435, 0.2716541588306427, 0.34589487314224243, 0.3758362829685211, 0.34255942702293396, 0.26864755153656006, 0.1885865479707718, 0.12405245006084442, 0.08085782080888748, 0.05704153701663017, 0.048391230404376984]}