{"steps": [0, 1, 2, 3, 4, 5, 6, 7, 8, 9, 10, 11, 12, 13, 14], "naive_loss_list": [0.05628442391753197, 0.10660218447446823, 0.333648681640625, 0.8442150354385376, 1.4445745944976807, 1.878989338874817, 2.116774559020996, 2.1902928352355957, 2.1006367206573486, 1.854093313217163, 1.4209983348846436, 0.8360338807106018, 0.33558598160743713, 0.10433390736579895, 0.048391230404376984], "activation_matching_loss_list": [0.05628444169999713, 0.06826758958064, 0.09654905936093716, 0.1465325518849933, 0.21650873267366588, 0.2911256316111915, 0.34576086105691345, 0.36046525858484646, 0.3314848959470387, 0.27142678349963995, 0.19986977846851592, 0.13509559350497524, 0.08794695110717801, 0.06022027960568615, 0.048391237004617005], "weight_matching_loss_list": [0.05628442391753197, 0.06422539800405502, 0.0926898792386055, 0.1530701071023941, 0.25366586446762085, 0.3855547308921814, 0.5075682401657104, 0.5533440113067627, 0.48946061730384827, 0.3606797158718109, 0.23434779047966003, 0.14265762269496918, 0.08745505660772324, 0.058927152305841446, 0.048391230404376984]}