{"steps": [0, 1, 2, 3, 4, 5, 6, 7, 8, 9, 10, 11, 12, 13, 14], "naive_loss_list": [0.06971755623817444, 0.1285645216703415, 0.35910308361053467, 0.8625097274780273, 1.4904628992080688, 1.9939284324645996, 2.27382755279541, 2.3553032875061035, 2.2570841312408447, 1.950941801071167, 1.436742901802063, 0.8173899054527283, 0.33725643157958984, 0.13045181334018707, 0.08574669808149338], "activation_matching_loss_list": [0.06971756741291578, 0.07967144765247401, 0.09694015249073645, 0.12066568773530983, 0.1481822045877578, 0.1747395841354126, 0.19475426317161487, 0.20336807911995686, 0.19798797125967266, 0.1800394302985133, 0.15414182160285414, 0.12713284988332604, 0.1045964146848202, 0.09032656131410825, 0.08574671184508616], "weight_matching_loss_list": [0.06971755623817444, 0.08384422957897186, 0.11383066326379776, 0.1620146483182907, 0.22569403052330017, 0.29332056641578674, 0.34624969959259033, 0.36730149388313293, 0.34892138838768005, 0.2964952290058136, 0.22785326838493347, 0.1641736477613449, 0.11835513263940811, 0.0930207148194313, 0.08574670553207397], "hyper": [0.002, 0.9]}