{"steps": [0, 1, 2, 3, 4, 5, 6, 7, 8, 9, 10, 11, 12, 13, 14], "naive_loss_list": [0.08523854613304138, 0.13227730989456177, 0.34637242555618286, 0.8370341658592224, 1.477643370628357, 2.0199828147888184, 2.337249755859375, 2.4343295097351074, 2.348433256149292, 2.0629353523254395, 1.548072099685669, 0.8900817632675171, 0.36117973923683167, 0.13387401401996613, 0.08574669808149338], "activation_matching_loss_list": [0.08523854789904382, 0.09452420473007621, 0.11411237104354309, 0.14391066628333324, 0.1805063626100335, 0.2167518840808569, 0.24314944265826346, 0.2524682638023063, 0.24168951726106852, 0.2135605109628229, 0.17563970308204685, 0.13833442481412553, 0.10930585793486854, 0.09166423294043775, 0.08574671184508616], "weight_matching_loss_list": [0.08523854613304138, 0.08893745392560959, 0.10778411477804184, 0.1421317607164383, 0.18916499614715576, 0.23959201574325562, 0.27915170788764954, 0.2945152819156647, 0.2803404629230499, 0.2416335493326187, 0.19172146916389465, 0.14481121301651, 0.1100509911775589, 0.09071647375822067, 0.08574669808149338], "hyper": [0.002, 0.9]}