{"steps": [0, 1, 2, 3, 4, 5, 6, 7, 8, 9, 10, 11, 12, 13, 14], "naive_loss_list": [0.06500625610351562, 0.10284418612718582, 0.2773457169532776, 0.7153220176696777, 1.3207608461380005, 1.8382148742675781, 2.15384578704834, 2.250096082687378, 2.125147819519043, 1.7917191982269287, 1.2801884412765503, 0.6971575617790222, 0.2759687900543213, 0.11343630403280258, 0.08890863507986069], "activation_matching_loss_list": [0.06500627425873967, 0.07071945018005042, 0.08352757740104448, 0.10256429109246383, 0.12546826457663976, 0.14756095649322362, 0.16290126801013916, 0.16711195696879058, 0.15911582182408704, 0.14211983186700242, 0.12163305768586379, 0.10313955967621362, 0.09026563632737218, 0.08524678986368331, 0.08890865561419618], "weight_matching_loss_list": [0.06500625610351562, 0.06980427354574203, 0.08337912708520889, 0.10604758560657501, 0.13646139204502106, 0.16946405172348022, 0.1957455724477768, 0.20559872686862946, 0.19420744478702545, 0.1666080355644226, 0.13431045413017273, 0.1065988764166832, 0.08868003636598587, 0.08259808272123337, 0.08890864253044128], "hyper": [0.004, 0.9]}