{"steps": [0, 1, 2, 3, 4, 5, 6, 7, 8, 9, 10, 11, 12, 13, 14], "naive_loss_list": [0.06500625610351562, 0.10284418612718582, 0.2773457169532776, 0.7153220176696777, 1.3207608461380005, 1.8382148742675781, 2.15384578704834, 2.250096082687378, 2.125147819519043, 1.7917191982269287, 1.2801884412765503, 0.6971575617790222, 0.2759687900543213, 0.11343630403280258, 0.08890863507986069], "activation_matching_loss_list": [0.06500627425873967, 0.07071945018005042, 0.08352757740104448, 0.10256429109246383, 0.12546826457663976, 0.14756095649322362, 0.16290126801013916, 0.16711195696879058, 0.15911582182408704, 0.14211983186700242, 0.12163305768586379, 0.10313955967621362, 0.09026563632737218, 0.08524678986368331, 0.08890865561419618], "weight_matching_loss_list": [0.06500625610351562, 0.069695383310318, 0.08341243863105774, 0.1066943034529686, 0.13841740787029266, 0.17358024418354034, 0.2023552656173706, 0.2139892280101776, 0.2025061696767807, 0.17374950647354126, 0.13912323117256165, 0.10931649804115295, 0.09003278613090515, 0.0831465944647789, 0.08890864998102188], "hyper": [0.004, 0.9]}