{"steps": [0, 1, 2, 3, 4, 5, 6, 7, 8, 9, 10, 11, 12, 13, 14], "naive_loss_list": [0.08890863507986069, 0.11838353425264359, 0.29922986030578613, 0.7703070044517517, 1.4107779264450073, 1.9433754682540894, 2.272695302963257, 2.386821985244751, 2.3039145469665527, 2.007431983947754, 1.4839617013931274, 0.8334149718284607, 0.32749566435813904, 0.11140120029449463, 0.05766979232430458], "activation_matching_loss_list": [0.08890865561419618, 0.08663956056633694, 0.09141138079711894, 0.10271448298506224, 0.11900112556855459, 0.13717303149137977, 0.15258877672241217, 0.16012064418096714, 0.15675537541156448, 0.1428085477365798, 0.12177021845625369, 0.09895332652890919, 0.0789766097871544, 0.06490659694613972, 0.05766979766886685], "weight_matching_loss_list": [0.08890863507986069, 0.08364161103963852, 0.08973371982574463, 0.10742258280515671, 0.1353926658630371, 0.16908113658428192, 0.19944776594638824, 0.21357807517051697, 0.20448480546474457, 0.17717613279819489, 0.1414879560470581, 0.1077050268650055, 0.08159148693084717, 0.0651327446103096, 0.057669784873723984], "hyper": [0.004, 0.9]}