{"steps": [0, 1, 2, 3, 4, 5, 6, 7, 8, 9, 10, 11, 12, 13, 14], "naive_loss_list": [0.06971755623817444, 0.1285645216703415, 0.35910308361053467, 0.8625097274780273, 1.4904628992080688, 1.9939284324645996, 2.27382755279541, 2.3553032875061035, 2.2570841312408447, 1.950941801071167, 1.436742901802063, 0.8173899054527283, 0.33725643157958984, 0.13045181334018707, 0.08574669808149338], "activation_matching_loss_list": [0.06971756741291578, 0.07967144765247401, 0.09694015249073645, 0.12066568773530983, 0.1481822045877578, 0.1747395841354126, 0.19475426317161487, 0.20336807911995686, 0.19798797125967266, 0.1800394302985133, 0.15414182160285414, 0.12713284988332604, 0.1045964146848202, 0.09032656131410825, 0.08574671184508616], "weight_matching_loss_list": [0.06971755623817444, 0.08305583149194717, 0.11256717145442963, 0.16021046042442322, 0.22346387803554535, 0.29062679409980774, 0.3432465195655823, 0.3650115430355072, 0.3481161296367645, 0.29638656973838806, 0.22789499163627625, 0.16436125338077545, 0.1187957227230072, 0.0935053676366806, 0.08574669808149338], "hyper": [0.002, 0.9]}