{"steps": [0, 1, 2, 3, 4, 5, 6, 7, 8, 9, 10, 11, 12, 13, 14], "naive_loss_list": [0.06500625610351562, 0.10235745459794998, 0.27819007635116577, 0.7210621237754822, 1.3324528932571411, 1.8530538082122803, 2.16654372215271, 2.2751574516296387, 2.1783664226531982, 1.8741514682769775, 1.3715776205062866, 0.7648965120315552, 0.3026999235153198, 0.10647702217102051, 0.05766979232430458], "activation_matching_loss_list": [0.06500627425873967, 0.07235464238116111, 0.08741953063389468, 0.11082208463071584, 0.1405710909794584, 0.17152887331333952, 0.19598526559521876, 0.20671185432821512, 0.19958820757590742, 0.17643356681602343, 0.14423217709649955, 0.11156729976997344, 0.08495098131188497, 0.06702174231852048, 0.05766979766886684], "weight_matching_loss_list": [0.06500625610351562, 0.07010305672883987, 0.0868796557188034, 0.11743008345365524, 0.16171546280384064, 0.21339759230613708, 0.25734975934028625, 0.27482882142066956, 0.2595030665397644, 0.21784700453281403, 0.16646283864974976, 0.12079311907291412, 0.08754382282495499, 0.06721381843090057, 0.057669784873723984], "hyper": [0.004, 0.9]}