{"steps": [0, 1, 2, 3, 4, 5, 6, 7, 8, 9, 10, 11, 12, 13, 14], "naive_loss_list": [0.1161670908331871, 0.19103433191776276, 0.4573870897293091, 0.9791488647460938, 1.5575639009475708, 2.0040743350982666, 2.276592493057251, 2.367793083190918, 2.2883336544036865, 2.023190975189209, 1.5594791173934937, 0.9707032442092896, 0.4540609121322632, 0.184281587600708, 0.11023120582103729], "activation_matching_loss_list": [0.11616710071697285, 0.13040663949554135, 0.15166386829584078, 0.17783221607416036, 0.2055728844099428, 0.22956602505642498, 0.245075736403397, 0.2481626317945915, 0.23831354000009453, 0.21774702936779147, 0.19091776782318673, 0.1631727000314472, 0.13875311576557572, 0.12069786545008022, 0.11023120868472168], "weight_matching_loss_list": [0.1161670908331871, 0.13702157139778137, 0.17983029782772064, 0.24661336839199066, 0.3326523005962372, 0.42145976424217224, 0.48785117268562317, 0.5096394419670105, 0.4791575074195862, 0.4069812595844269, 0.3158804476261139, 0.23034386336803436, 0.1659023016691208, 0.1268501877784729, 0.1102311983704567], "hyper": [0.001, 0.7]}