{"steps": [0, 1, 2, 3, 4, 5, 6, 7, 8, 9, 10, 11, 12, 13, 14], "naive_loss_list": [0.11820757389068604, 0.1991252601146698, 0.4722555875778198, 1.008252501487732, 1.6098363399505615, 2.0547640323638916, 2.2935712337493896, 2.3540821075439453, 2.2573981285095215, 1.9863791465759277, 1.5230706930160522, 0.937617301940918, 0.4374336302280426, 0.18157972395420074, 0.11023120582103729], "activation_matching_loss_list": [0.11820756919199923, 0.1286872258821004, 0.14589913300862534, 0.16802132281172497, 0.19200746983678216, 0.21379277884454456, 0.22909625011520296, 0.23436260745332352, 0.22822100938604217, 0.21166196478611202, 0.1879160026376143, 0.16197330479431135, 0.13842510615614032, 0.12041135280556928, 0.11023120868472168], "weight_matching_loss_list": [0.11820757389068604, 0.1370239406824112, 0.1800340861082077, 0.25193333625793457, 0.3498331308364868, 0.45510345697402954, 0.5366936326026917, 0.5670125484466553, 0.5343645215034485, 0.45132771134376526, 0.3459610939025879, 0.24711862206459045, 0.17365722358226776, 0.1296297162771225, 0.11023121327161789], "hyper": [0.001, 0.7]}