{"steps": [0, 1, 2, 3, 4, 5, 6, 7, 8, 9, 10, 11, 12, 13, 14], "naive_loss_list": [0.1395544707775116, 0.20380185544490814, 0.43618565797805786, 0.9009843468666077, 1.4696797132492065, 1.9355965852737427, 2.214310884475708, 2.3071584701538086, 2.220147132873535, 1.953369140625, 1.5016926527023315, 0.9288395047187805, 0.43655675649642944, 0.18765941262245178, 0.1161670908331871], "activation_matching_loss_list": [0.1395544873441921, 0.1559766215215269, 0.18507386096597325, 0.2266748022543436, 0.2766949136484695, 0.3249523220259641, 0.358471331710362, 0.3677270875072979, 0.34960646644851484, 0.30879017455085334, 0.2559784795400435, 0.20365854705455316, 0.16044556931806178, 0.13068427249628706, 0.11616710071697282], "weight_matching_loss_list": [0.1395544707775116, 0.1611623615026474, 0.21672548353672028, 0.3161701261997223, 0.45787912607192993, 0.6154268383979797, 0.742499589920044, 0.7962130308151245, 0.7555645108222961, 0.6310250759124756, 0.4638705551624298, 0.30714860558509827, 0.19739240407943726, 0.13800577819347382, 0.1161670908331871], "hyper": [0.001, 0.7]}