{"steps": [0, 1, 2, 3, 4, 5, 6, 7, 8, 9, 10, 11, 12, 13, 14], "naive_loss_list": [0.06971755623817444, 0.12340280413627625, 0.32951074838638306, 0.7910659313201904, 1.4024313688278198, 1.92106294631958, 2.2332656383514404, 2.3361473083496094, 2.2378251552581787, 1.921540379524231, 1.4023021459579468, 0.8043413758277893, 0.3428690731525421, 0.13367627561092377, 0.08523854613304138], "activation_matching_loss_list": [0.06971756741291578, 0.07815994912528622, 0.0947936259298852, 0.11974509520646251, 0.15093043427758115, 0.18318243618017124, 0.20880076463007846, 0.22030087702434906, 0.21419040465865077, 0.1922289219415834, 0.1614072023953386, 0.13069587799253626, 0.10636542049023058, 0.09101521772715496, 0.08523854789904382], "weight_matching_loss_list": [0.06971755623817444, 0.07901207357645035, 0.09954681992530823, 0.1324588507413864, 0.17522190511226654, 0.22078433632850647, 0.2576090097427368, 0.2740180790424347, 0.26304319500923157, 0.22902661561965942, 0.18441197276115417, 0.14150814712047577, 0.10867922008037567, 0.08986278623342514, 0.08523854613304138], "hyper": [0.002, 0.9]}