{"steps": [0, 1, 2, 3, 4, 5, 6, 7, 8, 9, 10, 11, 12, 13, 14], "naive_loss_list": [0.1395544707775116, 0.20693695545196533, 0.4695377051830292, 0.9815549850463867, 1.5498201847076416, 1.994796872138977, 2.2567570209503174, 2.3505234718322754, 2.299351453781128, 2.078425168991089, 1.6445932388305664, 1.0471982955932617, 0.49065667390823364, 0.19073356688022614, 0.11023120582103729], "activation_matching_loss_list": [0.1395544873441921, 0.15481790195462292, 0.18466374131728328, 0.22934158487181977, 0.28475524791431667, 0.3400722846295755, 0.38038908897974233, 0.39460080223399785, 0.37868575810987515, 0.3351512968634328, 0.2740533342883222, 0.21099644454519914, 0.159570806148178, 0.12601219102657765, 0.11023120868472167], "weight_matching_loss_list": [0.1395544707775116, 0.15512865781784058, 0.20122447609901428, 0.2857230305671692, 0.40849435329437256, 0.5484318137168884, 0.6637845039367676, 0.7131927013397217, 0.6769254803657532, 0.5666502118110657, 0.4203958213329315, 0.28352001309394836, 0.1852007806301117, 0.13033153116703033, 0.1102311983704567], "hyper": [0.001, 0.7]}