{"steps": [0, 1, 2, 3, 4, 5, 6, 7, 8, 9, 10, 11, 12, 13, 14], "naive_loss_list": [0.08890863507986069, 0.11838353425264359, 0.29922986030578613, 0.7703070044517517, 1.4107779264450073, 1.9433754682540894, 2.272695302963257, 2.386821985244751, 2.3039145469665527, 2.007431983947754, 1.4839617013931274, 0.8334149718284607, 0.32749566435813904, 0.11140120029449463, 0.05766979232430458], "activation_matching_loss_list": [0.08890865561419618, 0.08663956056633694, 0.09141138079711894, 0.10271448298506224, 0.11900112556855459, 0.13717303149137977, 0.15258877672241217, 0.16012064418096714, 0.15675537541156448, 0.1428085477365798, 0.12177021845625369, 0.09895332652890919, 0.0789766097871544, 0.06490659694613972, 0.05766979766886685], "weight_matching_loss_list": [0.08890863507986069, 0.08444804698228836, 0.09135794639587402, 0.10973253101110458, 0.13809803128242493, 0.17137397825717926, 0.20059970021247864, 0.2135343998670578, 0.20420093834400177, 0.17705225944519043, 0.14142534136772156, 0.10759115219116211, 0.08149123191833496, 0.06506306678056717, 0.057669784873723984], "hyper": [0.004, 0.9]}