{"steps": [0, 1, 2, 3, 4, 5, 6, 7, 8, 9, 10, 11, 12, 13, 14], "naive_loss_list": [0.06971755623817444, 0.12340280413627625, 0.32951074838638306, 0.7910659313201904, 1.4024313688278198, 1.92106294631958, 2.2332656383514404, 2.3361473083496094, 2.2378251552581787, 1.921540379524231, 1.4023021459579468, 0.8043413758277893, 0.3428690731525421, 0.13367627561092377, 0.08523854613304138], "activation_matching_loss_list": [0.06971756741291578, 0.07815994912528622, 0.0947936259298852, 0.11974509520646251, 0.15093043427758115, 0.18318243618017124, 0.20880076463007846, 0.22030087702434906, 0.21419040465865077, 0.1922289219415834, 0.1614072023953386, 0.13069587799253626, 0.10636542049023058, 0.09101521772715496, 0.08523854789904382], "weight_matching_loss_list": [0.06971755623817444, 0.07987775653600693, 0.10240299999713898, 0.13811641931533813, 0.18392695486545563, 0.2319711148738861, 0.2697921693325043, 0.28514447808265686, 0.2722032070159912, 0.23537671566009521, 0.1873195618391037, 0.1420920193195343, 0.1085575670003891, 0.08961565047502518, 0.08523855358362198], "hyper": [0.002, 0.9]}