{"steps": [0, 1, 2, 3, 4, 5, 6, 7, 8, 9, 10, 11, 12, 13, 14], "naive_loss_list": [0.11820757389068604, 0.20229826867580414, 0.47893667221069336, 1.0032968521118164, 1.5907667875289917, 2.023756265640259, 2.2544097900390625, 2.3175437450408936, 2.235142946243286, 1.986302137374878, 1.5423128604888916, 0.9534654021263123, 0.4424969553947449, 0.1881127953529358, 0.1161670908331871], "activation_matching_loss_list": [0.11820756919199923, 0.13115016957864925, 0.15189547008149196, 0.1785002686847278, 0.2073397297369797, 0.23341424599284938, 0.2511672686795502, 0.2567800644774319, 0.2493043937101953, 0.23044792415830115, 0.20417523896576473, 0.1754167881060433, 0.14901320814094557, 0.12856790755676742, 0.11616710071697282], "weight_matching_loss_list": [0.11820757389068604, 0.13579241931438446, 0.1740594059228897, 0.23513546586036682, 0.31424659490585327, 0.39632299542427063, 0.4589923918247223, 0.4824374318122864, 0.4589875638484955, 0.395955890417099, 0.31355395913124084, 0.23463617265224457, 0.17376872897148132, 0.13496960699558258, 0.1161670982837677], "hyper": [0.001, 0.7]}