{"steps": [0, 1, 2, 3, 4, 5, 6, 7, 8, 9, 10, 11, 12, 13, 14], "naive_loss_list": [0.30287405848503113, 0.3641960024833679, 0.6243811249732971, 1.096628189086914, 1.6012686491012573, 1.963560938835144, 2.164424419403076, 2.2098262310028076, 2.0988521575927734, 1.860754132270813, 1.4848854541778564, 1.014022946357727, 0.6015950441360474, 0.3643378019332886, 0.2819831073284149], "activation_matching_loss_list": [0.3028740308274241, 0.30378382919272273, 0.32363025555799046, 0.35786755092394273, 0.3991761243636231, 0.43846960959676456, 0.4675427706745095, 0.4806753011290563, 0.47499075384154243, 0.45141317720431995, 0.4135827333108983, 0.36985019540875697, 0.32993227912526363, 0.2998227832400383, 0.2819831239197583], "weight_matching_loss_list": [0.30287405848503113, 0.296784371137619, 0.32111576199531555, 0.3673809766769409, 0.4182997941970825, 0.46386513113975525, 0.4976933002471924, 0.5118409991264343, 0.5022161602973938, 0.4716483950614929, 0.42402833700180054, 0.3744535446166992, 0.3313799798488617, 0.29925841093063354, 0.2819831073284149]}