{"steps": [0, 1, 2, 3, 4, 5, 6, 7, 8, 9, 10, 11, 12, 13, 14], "naive_loss_list": [0.30287405848503113, 0.36612412333488464, 0.6099835634231567, 1.0342791080474854, 1.5080536603927612, 1.8770396709442139, 2.1005959510803223, 2.189602851867676, 2.1278233528137207, 1.9164626598358154, 1.564271092414856, 1.0961811542510986, 0.6550767421722412, 0.3849576413631439, 0.2854825556278229], "activation_matching_loss_list": [0.3028740308274241, 0.3270470566970057, 0.3907560671939959, 0.4860820128127969, 0.5966495388396056, 0.701604028014812, 0.7883298292654367, 0.8500971111544058, 0.8867863040568459, 0.9060960169230172, 0.9222262199043556, 0.9551563249468422, 1.0255203601596052, 1.1656153844452417, 1.4037389419085213], "weight_matching_loss_list": [0.30287405848503113, 0.31346699595451355, 0.3615768849849701, 0.4465741515159607, 0.5618780851364136, 0.6903309226036072, 0.8033192753791809, 0.8573576211929321, 0.8245306611061096, 0.7303261160850525, 0.6040109395980835, 0.4814964830875397, 0.38578107953071594, 0.320273220539093, 0.28548258543014526]}