{"steps": [0, 1, 2, 3, 4, 5, 6, 7, 8, 9, 10, 11, 12, 13, 14], "naive_loss_list": [0.2898324131965637, 0.3551481068134308, 0.5671143531799316, 0.9634343385696411, 1.4412832260131836, 1.829824686050415, 2.0737273693084717, 2.1560471057891846, 2.0520129203796387, 1.8130735158920288, 1.4420756101608276, 0.9823786020278931, 0.5915703773498535, 0.3654322326183319, 0.2819831073284149], "activation_matching_loss_list": [0.2898324321326311, 0.31294387099019144, 0.35468791367327057, 0.40784172074246855, 0.4631425848024982, 0.511177514708972, 0.5438056504673253, 0.5569039712203733, 0.5488085181873503, 0.5200159782196605, 0.47362542914047095, 0.41609811794099916, 0.35816051730286586, 0.3114887269765829, 0.2819831239197583], "weight_matching_loss_list": [0.2898324131965637, 0.30462977290153503, 0.33368295431137085, 0.3715226650238037, 0.4117432236671448, 0.44714707136154175, 0.4710475206375122, 0.47768738865852356, 0.468300461769104, 0.44567084312438965, 0.4122859835624695, 0.3715873062610626, 0.33163198828697205, 0.3000234067440033, 0.2819831371307373]}