{"steps": [0, 1, 2, 3, 4, 5, 6, 7, 8, 9, 10, 11, 12, 13, 14], "naive_loss_list": [0.2898324131965637, 0.3517190217971802, 0.576325535774231, 1.0036134719848633, 1.5110987424850464, 1.9003092050552368, 2.1256768703460693, 2.1976051330566406, 2.1266372203826904, 1.9213242530822754, 1.5750768184661865, 1.1114784479141235, 0.671244740486145, 0.39505061507225037, 0.2854825556278229], "activation_matching_loss_list": [0.2898324321326311, 0.31149506527739107, 0.35475782303301484, 0.41132818256403814, 0.47108514995573253, 0.5261881796777504, 0.5679332649570807, 0.5888735614229471, 0.5836911467458515, 0.5513622801207132, 0.49781034889667475, 0.43346863149313, 0.37007431011463177, 0.3190580191042623, 0.28548260036922984], "weight_matching_loss_list": [0.2898324131965637, 0.30781644582748413, 0.35560885071754456, 0.442632794380188, 0.5799795389175415, 0.7771119475364685, 0.991057813167572, 1.0785478353500366, 1.022813081741333, 0.8511159420013428, 0.6493463516235352, 0.48256856203079224, 0.37391743063926697, 0.31219083070755005, 0.2854825556278229]}