{"steps": [0, 1, 2, 3, 4, 5, 6, 7, 8, 9, 10, 11, 12, 13, 14], "naive_loss_list": [0.30287405848503113, 0.35789307951927185, 0.5972328782081604, 1.0172755718231201, 1.4960148334503174, 1.8802152872085571, 2.1115787029266357, 2.184985399246216, 2.0990002155303955, 1.8574049472808838, 1.464707612991333, 0.9773947596549988, 0.5778705477714539, 0.3606424629688263, 0.2898324131965637], "activation_matching_loss_list": [0.3028740308274241, 0.3112703398239238, 0.337579311355033, 0.37780517551977943, 0.42608119738195466, 0.4783709407533397, 0.5317947937401106, 0.5842479657371542, 0.6353927717466619, 0.6885725192177464, 0.754611563232656, 0.8637394337017993, 1.0535109785285928, 1.3435697630524637, 1.739785314734011], "weight_matching_loss_list": [0.30287405848503113, 0.3131665587425232, 0.38285091519355774, 0.5619181990623474, 0.9081649780273438, 1.3243613243103027, 1.6338558197021484, 1.7517566680908203, 1.5898540019989014, 1.231374979019165, 0.8469343781471252, 0.5561013221740723, 0.397756963968277, 0.3215191960334778, 0.28983238339424133]}