{"steps": [0, 1, 2, 3, 4, 5, 6, 7, 8, 9, 10, 11, 12, 13, 14], "naive_loss_list": [0.2819831073284149, 0.3659576177597046, 0.6018359065055847, 1.0078327655792236, 1.4816582202911377, 1.8627424240112305, 2.1029131412506104, 2.1859350204467773, 2.101158857345581, 1.8755919933319092, 1.5191402435302734, 1.0634578466415405, 0.6460108757019043, 0.3841661512851715, 0.2854825556278229], "activation_matching_loss_list": [0.2819831239197583, 0.31774537149102544, 0.3793240485125754, 0.4601228123121099, 0.548041713737237, 0.6294319145741922, 0.691626847178353, 0.7257472238695513, 0.7291612768572454, 0.7052358369635098, 0.6682929405917317, 0.638373812566725, 0.6331105791709094, 0.6694391289328036, 0.7583466653463357], "weight_matching_loss_list": [0.2819831073284149, 0.3144274353981018, 0.3848581612110138, 0.5070593953132629, 0.7286619544029236, 1.0803992748260498, 1.3616399765014648, 1.4391777515411377, 1.2927069664001465, 1.006508708000183, 0.720051646232605, 0.5258482098579407, 0.4003804922103882, 0.32426655292510986, 0.2854825556278229]}