{"steps": [0, 1, 2, 3, 4, 5, 6, 7, 8, 9, 10, 11, 12, 13, 14], "naive_loss_list": [1.449080467224121, 1.5439521074295044, 1.7186020612716675, 1.9081052541732788, 2.0679800510406494, 2.1793859004974365, 2.2422139644622803, 2.262674331665039, 2.24509859085083, 2.1885361671447754, 2.0832674503326416, 1.9252053499221802, 1.7253063917160034, 1.5261049270629883, 1.4003878831863403], "activation_matching_loss_list": [1.4490806143376926, 1.4654433377252623, 1.4936081692014136, 1.5272156200816092, 1.5603681291632718, 1.587961205946196, 1.6062007239226954, 1.612745139193546, 1.6065557178970729, 1.5875619116395732, 1.556977874815001, 1.517421075223618, 1.4732078003662796, 1.4310991324207616, 1.4003879647596074], "weight_matching_loss_list": [1.449080467224121, 1.4651347398757935, 1.496132254600525, 1.534040927886963, 1.572059154510498, 1.6047379970550537, 1.627271294593811, 1.6364872455596924, 1.6312732696533203, 1.6114226579666138, 1.5775030851364136, 1.5323199033737183, 1.480616807937622, 1.4316495656967163, 1.4003878831863403]}