{"steps": [0, 1, 2, 3, 4, 5, 6, 7, 8, 9, 10, 11, 12, 13, 14], "naive_loss_list": [1.4321098327636719, 1.5298466682434082, 1.7229043245315552, 1.9261118173599243, 2.088681221008301, 2.1971445083618164, 2.2565691471099854, 2.275439500808716, 2.255408763885498, 2.194632053375244, 2.0848395824432373, 1.919508457183838, 1.7120563983917236, 1.5148630142211914, 1.4051322937011719], "activation_matching_loss_list": [1.4321097316833047, 1.4482355645705935, 1.4747587959809838, 1.5056548878333222, 1.5356661538514185, 1.560521341051054, 1.5771923012596456, 1.5836709250141894, 1.5789138288570763, 1.5629969848123921, 1.5372629695508637, 1.50407916786646, 1.4672916274837549, 1.4321087409848592, 1.405132230655613], "weight_matching_loss_list": [1.4321098327636719, 1.45149564743042, 1.4854052066802979, 1.5237480401992798, 1.5591388940811157, 1.5868076086044312, 1.6040806770324707, 1.6093045473098755, 1.6020066738128662, 1.5824811458587646, 1.5523484945297241, 1.5141794681549072, 1.4725109338760376, 1.433302402496338, 1.4051322937011719]}