{"steps": [0, 1, 2, 3, 4, 5, 6, 7, 8, 9, 10, 11, 12, 13, 14], "naive_loss_list": [1.4003878831863403, 1.521942138671875, 1.7198066711425781, 1.92120361328125, 2.0824685096740723, 2.190377712249756, 2.2494091987609863, 2.2674946784973145, 2.247248649597168, 2.1840412616729736, 2.070617198944092, 1.9049264192581177, 1.7016445398330688, 1.5095975399017334, 1.4051322937011719], "activation_matching_loss_list": [1.4003879647596074, 1.4289741478995608, 1.465884300455956, 1.5041288032602613, 1.5384263434168375, 1.5647544555201776, 1.5806439349056878, 1.5849614756394637, 1.5775125719025576, 1.5590298831323055, 1.5312101507373848, 1.4970086122414208, 1.4607125977159245, 1.4278888516318178, 1.405132230655613], "weight_matching_loss_list": [1.4003878831863403, 1.4276572465896606, 1.4671326875686646, 1.5099778175354004, 1.5495716333389282, 1.5808110237121582, 1.599091649055481, 1.6033357381820679, 1.5940920114517212, 1.5723881721496582, 1.5404701232910156, 1.5016844272613525, 1.4612723588943481, 1.4264744520187378, 1.4051322937011719]}