{"steps": [0, 1, 2, 3, 4, 5, 6, 7, 8, 9, 10, 11, 12, 13, 14], "naive_loss_list": [1.4003878831863403, 1.5139575004577637, 1.7100746631622314, 1.9140294790267944, 2.0775058269500732, 2.1866917610168457, 2.2461867332458496, 2.2643494606018066, 2.243497848510742, 2.182370662689209, 2.0760717391967773, 1.9187393188476562, 1.7215362787246704, 1.5331887006759644, 1.4321098327636719], "activation_matching_loss_list": [1.4003879647596074, 1.4274375502451269, 1.4632885042919694, 1.500899805913255, 1.5347790536792776, 1.5613557489783418, 1.5784996895658672, 1.5848317095135331, 1.58004972343743, 1.564919933076984, 1.5411623393045897, 1.5115459157736684, 1.4799334016747943, 1.451386682369137, 1.4321097316833047], "weight_matching_loss_list": [1.4003878831863403, 1.4285515546798706, 1.4738742113113403, 1.5240967273712158, 1.5695830583572388, 1.6043719053268433, 1.6256927251815796, 1.632186770439148, 1.6245779991149902, 1.6040011644363403, 1.5723395347595215, 1.532718539237976, 1.4910029172897339, 1.4545987844467163, 1.4321098327636719]}