{"steps": [0, 1, 2, 3, 4, 5, 6, 7, 8, 9, 10, 11, 12, 13, 14], "naive_loss_list": [1.449080467224121, 1.5351285934448242, 1.7074328660964966, 1.900617241859436, 2.0655972957611084, 2.1814730167388916, 2.247164011001587, 2.26792311668396, 2.2446868419647217, 2.176706314086914, 2.0581283569335938, 1.8879388570785522, 1.6841214895248413, 1.4994144439697266, 1.4051322937011719], "activation_matching_loss_list": [1.4490806143376926, 1.474441400347937, 1.5078328478076672, 1.543396521772396, 1.5759018403724372, 1.6012479978649188, 1.6166623503859967, 1.6204907696964652, 1.612045124253018, 1.5913212208598433, 1.5595070731984944, 1.5194130347174821, 1.475507143470648, 1.434613105016012, 1.405132230655613], "weight_matching_loss_list": [1.449080467224121, 1.4598093032836914, 1.4812058210372925, 1.507302165031433, 1.532731056213379, 1.5533233880996704, 1.5660704374313354, 1.569240689277649, 1.5623136758804321, 1.5455412864685059, 1.5201131105422974, 1.4884146451950073, 1.4546833038330078, 1.424290418624878, 1.4051322937011719]}