{"steps": [0, 1, 2, 3, 4, 5, 6, 7, 8, 9, 10, 11, 12, 13, 14], "naive_loss_list": [1.449080467224121, 1.5324827432632446, 1.706863522529602, 1.9036786556243896, 2.0703041553497314, 2.1861846446990967, 2.249192714691162, 2.266786575317383, 2.243516683578491, 2.1780245304107666, 2.0662875175476074, 1.9052221775054932, 1.7110267877578735, 1.5318841934204102, 1.4321098327636719], "activation_matching_loss_list": [1.4490806143376926, 1.4656932965389835, 1.4932795080755172, 1.5249657883731504, 1.5549782431153274, 1.5792177807791374, 1.5949020980938664, 1.6002284485414635, 1.5943302983267253, 1.577368489942251, 1.5507850188169439, 1.5175350011115873, 1.4820682994242649, 1.4507526202167988, 1.4321097316833045], "weight_matching_loss_list": [1.449080467224121, 1.4628329277038574, 1.4904394149780273, 1.525455355644226, 1.5613220930099487, 1.5926209688186646, 1.6155824661254883, 1.626482367515564, 1.6232342720031738, 1.6058939695358276, 1.5759847164154053, 1.5366343259811401, 1.493231177330017, 1.4542579650878906, 1.4321098327636719]}