{"steps": [0, 1, 2, 3, 4, 5, 6, 7, 8, 9, 10, 11, 12, 13, 14], "naive_loss_list": [0.12504943, 0.088499606, 0.06701625, 0.06389217, 0.11995372, 0.38416335, 0.77758074, 0.78022146, 0.41764477, 0.14847702, 0.06790616, 0.060014043, 0.07313902, 0.097550794, 0.132126], "weight_matching_loss_list": [0.12504943, 0.11421833, 0.10671234, 0.10090636, 0.097355254, 0.09535325, 0.09534351, 0.09664134, 0.09837825, 0.10116017, 0.10477901, 0.10938586, 0.11503484, 0.122225754, 0.132126]}


