{"steps": [0, 1, 2, 3, 4, 5, 6, 7, 8, 9, 10, 11, 12, 13, 14], "naive_loss_list": [0.124281034, 0.08461767, 0.06262393, 0.06156778, 0.12243922, 0.40832007, 0.84618634, 0.9209634, 0.5605029, 0.20439614, 0.0751579, 0.056333747, 0.06633967, 0.08841668, 0.11912546], "weight_matching_loss_list": [0.124281034, 0.109098196, 0.09929912, 0.09269944, 0.08889477, 0.08684894, 0.085416175, 0.08435717, 0.084320635, 0.085851446, 0.08865966, 0.093061894, 0.09938784, 0.10794867, 0.11912546]}
 
