{"steps": [0, 1, 2, 3, 4, 5, 6, 7, 8, 9, 10, 11, 12, 13, 14], "naive_loss_list": [0.110414505, 0.08094311, 0.062843636, 0.057799157, 0.09371412, 0.29644695, 0.7623742, 1.1242607, 0.95969003, 0.4436244, 0.13095184, 0.063648425, 0.0668416, 0.08912738, 0.12436802], "weight_matching_loss_list": [0.110414505, 0.10025269, 0.09240386, 0.08705488, 0.08403575, 0.08306022, 0.083629526, 0.085342206, 0.08771217, 0.090235926, 0.09318128, 0.097667694, 0.10361001, 0.11205862, 0.12436802]}
