{"steps": [0, 1, 2, 3, 4, 5, 6, 7, 8, 9, 10, 11, 12, 13, 14], "naive_loss_list": [0.13306011, 0.090510316, 0.06614836, 0.06938283, 0.16791068, 0.6082529, 1.2664182, 1.4320045, 0.9873955, 0.4039016, 0.123230234, 0.06062812, 0.057690717, 0.073390216, 0.10109957], "weight_matching_loss_list": [0.13306011, 0.115562536, 0.103489734, 0.09515845, 0.08927445, 0.08539092, 0.08283584, 0.080893174, 0.07900508, 0.0779254, 0.07831304, 0.0805503, 0.085164346, 0.09174253, 0.10109957]}

