{"steps": [0, 1, 2, 3, 4, 5, 6, 7, 8, 9, 10, 11, 12, 13, 14], "naive_loss_list": [0.11993133, 0.08687244, 0.06618839, 0.058347236, 0.07862111, 0.19078223, 0.4390869, 0.50648445, 0.28296444, 0.11037181, 0.06544587, 0.06485131, 0.07971703, 0.103845775, 0.1375262], "weight_matching_loss_list": [0.11993133, 0.10683525, 0.09915282, 0.09518324, 0.09264597, 0.09099798, 0.09017024, 0.090602204, 0.091810554, 0.094408296, 0.098803826, 0.10507634, 0.11319794, 0.12367329, 0.1375262]}