{"steps": [0, 1, 2, 3, 4, 5, 6, 7, 8, 9, 10, 11, 12, 13, 14], "naive_loss_list": [0.39120692014694214, 0.4507197439670563, 0.7289122939109802, 1.1666057109832764, 1.6263506412506104, 2.0102503299713135, 2.262877941131592, 2.362786054611206, 2.3004202842712402, 2.0640830993652344, 1.6706504821777344, 1.2087405920028687, 0.7986443042755127, 0.5238715410232544, 0.39979714155197144], "activation_matching_loss_list": [0.3912069393467872, 0.4049319949601734, 0.4338659184647686, 0.4783719317474722, 0.5374241089210988, 0.6054419085687516, 0.672636055162106, 0.7321916565169806, 0.783560718715978, 0.8303737077606022, 0.8825856803237987, 0.9523605120819163, 1.049145727714476, 1.1796490255783783, 1.346787362478184], "weight_matching_loss_list": [0.39120692014694214, 0.4153594672679901, 0.5072866082191467, 0.674392819404602, 0.9008546471595764, 1.1335175037384033, 1.300986886024475, 1.3543927669525146, 1.2887643575668335, 1.1200642585754395, 0.9038849472999573, 0.7008033394813538, 0.544337272644043, 0.44612112641334534, 0.39979711174964905]}