{"steps": [0, 1, 2, 3, 4, 5, 6, 7, 8, 9, 10, 11, 12, 13, 14], "naive_loss_list": [0.36718136072158813, 0.4175277352333069, 0.6810342669487, 1.1468647718429565, 1.65813410282135, 2.0670125484466553, 2.316337823867798, 2.415966510772705, 2.372767686843872, 2.1753990650177, 1.8162750005722046, 1.340517520904541, 0.8448423147201538, 0.48937103152275085, 0.3589124381542206], "activation_matching_loss_list": [0.36718136708560895, 0.3771673089916457, 0.4068275116887333, 0.45120709841118817, 0.5025428069930502, 0.5504088914775602, 0.5841922061378338, 0.5961578692383027, 0.5821542210766599, 0.5447464607449272, 0.4939113620950177, 0.4426684397358897, 0.40068104169121127, 0.3721946633802457, 0.3589124343235638], "weight_matching_loss_list": [0.36718136072158813, 0.3831496834754944, 0.48417192697525024, 0.6787113547325134, 0.937690019607544, 1.1903045177459717, 1.372023344039917, 1.4426710605621338, 1.3839911222457886, 1.2122702598571777, 0.970951497554779, 0.7165891528129578, 0.5158407688140869, 0.39969703555107117, 0.3589124381542206]}