{"steps": [0, 1, 2, 3, 4, 5, 6, 7, 8, 9, 10, 11, 12, 13, 14], "naive_loss_list": [0.39120692014694214, 0.4635022282600403, 0.8005226850509644, 1.309184193611145, 1.8068865537643433, 2.2000954151153564, 2.4581692218780518, 2.563166618347168, 2.5050151348114014, 2.2657108306884766, 1.8627294301986694, 1.3487688302993774, 0.8322647213935852, 0.4802534580230713, 0.3589124381542206], "activation_matching_loss_list": [0.3912069393467872, 0.391609578118, 0.4093388244257421, 0.4433682029717039, 0.488026191356455, 0.532706678080942, 0.5662340527795626, 0.5780712967117501, 0.5639388501448996, 0.5294913313142002, 0.4839956623711878, 0.4377287031174386, 0.3992132263343366, 0.3726129020880289, 0.3589124343235638], "weight_matching_loss_list": [0.39120692014694214, 0.3939974904060364, 0.47390034794807434, 0.6406521797180176, 0.8581961989402771, 1.060244083404541, 1.1904603242874146, 1.2165800333023071, 1.135408639907837, 0.9734482169151306, 0.7763081789016724, 0.5968925356864929, 0.46671393513679504, 0.3904273808002472, 0.3589124381542206]}