{"steps": [0, 1, 2, 3, 4, 5, 6, 7, 8, 9, 10, 11, 12, 13, 14], "naive_loss_list": [0.3589124381542206, 0.4615284204483032, 0.7464027404785156, 1.191023588180542, 1.670684576034546, 2.0535290241241455, 2.280238389968872, 2.3501110076904297, 2.2727091312408447, 2.0374088287353516, 1.6433601379394531, 1.1740014553070068, 0.7680404186248779, 0.5114984512329102, 0.39979714155197144], "activation_matching_loss_list": [0.3589124343235637, 0.3683344478840251, 0.3860278193281795, 0.4116633251752868, 0.44413754250396525, 0.48014229545969667, 0.5126818272988366, 0.5324266844607288, 0.5348479672363975, 0.5204253446247729, 0.4928478608723787, 0.4599655582378778, 0.43048158257167407, 0.40996519035522777, 0.39979714157641033], "weight_matching_loss_list": [0.3589124381542206, 0.39549461007118225, 0.4901523292064667, 0.6471632719039917, 0.8450337648391724, 1.0364069938659668, 1.1742757558822632, 1.2239817380905151, 1.169579267501831, 1.0310636758804321, 0.8498823642730713, 0.6722345948219299, 0.5332108736038208, 0.44428297877311707, 0.39979714155197144]}