{"steps": [0, 1, 2, 3, 4, 5, 6, 7, 8, 9, 10, 11, 12, 13, 14], "naive_loss_list": [0.36718136072158813, 0.42425820231437683, 0.6914939284324646, 1.1466878652572632, 1.6534152030944824, 2.0701324939727783, 2.3258233070373535, 2.4135332107543945, 2.330475330352783, 2.077587604522705, 1.671028733253479, 1.1810616254806519, 0.7358993887901306, 0.45730337500572205, 0.39120692014694214], "activation_matching_loss_list": [0.36718136708560895, 0.38501999275072313, 0.4307028656519495, 0.4998381473543171, 0.581305849636676, 0.6625079450793326, 0.729606228861293, 0.7707957164809618, 0.7804696902490655, 0.7591598596844833, 0.7261407781374608, 0.7019262032238887, 0.7005863631039143, 0.7295992647202257, 0.7919529233762879], "weight_matching_loss_list": [0.36718136072158813, 0.37062832713127136, 0.43723252415657043, 0.5775054097175598, 0.7878031730651855, 1.0303858518600464, 1.2455354928970337, 1.3752272129058838, 1.3522089719772339, 1.192470669746399, 0.9497489333152771, 0.702870786190033, 0.518338680267334, 0.4163101613521576, 0.3912069499492645]}