{"steps": [0, 1, 2, 3, 4, 5, 6, 7, 8, 9, 10, 11, 12, 13, 14], "naive_loss_list": [0.36718136072158813, 0.40979334712028503, 0.6422831416130066, 1.0661036968231201, 1.5680127143859863, 1.9911069869995117, 2.2527883052825928, 2.3348894119262695, 2.2408573627471924, 1.9822689294815063, 1.5992486476898193, 1.158456802368164, 0.7682629823684692, 0.5093451142311096, 0.39979714155197144], "activation_matching_loss_list": [0.36718136708560895, 0.37051974311335817, 0.3972592965543777, 0.4451911131193207, 0.5097123186582848, 0.5846130172135008, 0.6597814845472774, 0.7249250335803464, 0.773918294032259, 0.8119842917904594, 0.8554366080860861, 0.9207246350139037, 1.0196951828920375, 1.160101844312186, 1.346787362478184], "weight_matching_loss_list": [0.36718136072158813, 0.381229966878891, 0.49044233560562134, 0.7069560885429382, 0.9922566413879395, 1.2747182846069336, 1.4788553714752197, 1.543203592300415, 1.4620201587677002, 1.2745455503463745, 1.0375169515609741, 0.7973841428756714, 0.5939329862594604, 0.4600602090358734, 0.39979711174964905]}