{"steps": [0, 1, 2, 3, 4, 5, 6, 7, 8, 9, 10, 11, 12, 13, 14], "naive_loss_list": [0.0413614884018898, 0.052924904972314835, 0.11339171975851059, 0.29574358463287354, 0.6619460582733154, 1.1341664791107178, 1.5221863985061646, 1.6733025312423706, 1.5280307531356812, 1.136880874633789, 0.6575627326965332, 0.2839933931827545, 0.10472692549228668, 0.04834521934390068, 0.03522323817014694], "activation_matching_loss_list": [0.041361497795138855, 0.04355046669413432, 0.049372654131777466, 0.058859786607540994, 0.07117519778128856, 0.08433629227360741, 0.09507866700035043, 0.1001655536631884, 0.09772374975239981, 0.08834314959427458, 0.07485513276554127, 0.060810901961995546, 0.048964733561397474, 0.040407248085832126, 0.03522324642613152], "weight_matching_loss_list": [0.0413614884018898, 0.041506294161081314, 0.045502498745918274, 0.052755314856767654, 0.06196657195687294, 0.07137761265039444, 0.07884802669286728, 0.08222519606351852, 0.08056817948818207, 0.0741569921374321, 0.06497465074062347, 0.055122505873441696, 0.04621434956789017, 0.039482440799474716, 0.03522324189543724]}