{"steps": [0, 1, 2, 3, 4, 5, 6, 7, 8, 9, 10, 11, 12, 13, 14], "naive_loss_list": [0.030944494530558586, 0.04457492381334305, 0.10201212018728256, 0.2754093408584595, 0.6344577670097351, 1.109438419342041, 1.5077672004699707, 1.6567293405532837, 1.4926033020019531, 1.0870085954666138, 0.6106775999069214, 0.2628009021282196, 0.10079208761453629, 0.047755468636751175, 0.03522323817014694], "activation_matching_loss_list": [0.030944501105459727, 0.03681573159610422, 0.04746553249297417, 0.06275156018043168, 0.08156268007299011, 0.10116749138465762, 0.11712868569819396, 0.12461933122462397, 0.12042672745261088, 0.10536400667196398, 0.08475496592856055, 0.06464099759460465, 0.048965138807023446, 0.039250144737651455, 0.035223246426131526], "weight_matching_loss_list": [0.030944494530558586, 0.031184427440166473, 0.03439740464091301, 0.040634430944919586, 0.049317095428705215, 0.058736931532621384, 0.0663321390748024, 0.06988821178674698, 0.06857381761074066, 0.06318244338035583, 0.055605970323085785, 0.04796023666858673, 0.04182794317603111, 0.037539396435022354, 0.03522324189543724]}