{"steps": [0, 1, 2, 3, 4, 5, 6, 7, 8, 9, 10, 11, 12, 13, 14], "naive_loss_list": [0.03522323817014694, 0.04566610977053642, 0.09751711040735245, 0.25704148411750793, 0.5967023372650146, 1.0605171918869019, 1.4574083089828491, 1.6102248430252075, 1.4625372886657715, 1.0766834020614624, 0.6174721121788025, 0.27744126319885254, 0.10987313836812973, 0.05162745341658592, 0.03696613758802414], "activation_matching_loss_list": [0.035223246426131526, 0.03882770040576229, 0.048248285528339846, 0.0661782429416851, 0.09487960434514531, 0.13081347680634867, 0.16320278924891368, 0.18085384025855358, 0.1781551264486247, 0.15639873478876368, 0.12309184638031431, 0.08835550534636574, 0.06090240035203126, 0.04434328349794586, 0.03696614020624064], "weight_matching_loss_list": [0.03522323817014694, 0.03733515366911888, 0.042893122881650925, 0.05278639867901802, 0.06801683455705643, 0.08819614350795746, 0.10947920382022858, 0.12527470290660858, 0.12950408458709717, 0.12020780146121979, 0.10052365064620972, 0.0773487240076065, 0.05722936987876892, 0.04350320249795914, 0.03696613386273384]}