{"steps": [0, 1, 2, 3, 4, 5, 6, 7, 8, 9, 10, 11, 12, 13, 14], "naive_loss_list": [0.030944494530558586, 0.04558185487985611, 0.09853287786245346, 0.24444162845611572, 0.540481448173523, 0.9556899666786194, 1.33748459815979, 1.5111267566680908, 1.3936883211135864, 1.0423752069473267, 0.6120662093162537, 0.27549976110458374, 0.10703039169311523, 0.04977360740303993, 0.03696613758802414], "activation_matching_loss_list": [0.030944501105459727, 0.0390398066147439, 0.05401675899149065, 0.07703772058509678, 0.10740367616210973, 0.14069382184794274, 0.16862901860069804, 0.18153315654783067, 0.17344635647762513, 0.14642152419442853, 0.11025611526634982, 0.07676465548020489, 0.05299705302351583, 0.04026814894916741, 0.03696614020624063], "weight_matching_loss_list": [0.030944494530558586, 0.033071670681238174, 0.038070280104875565, 0.0458572618663311, 0.055846016854047775, 0.06632091104984283, 0.07455360144376755, 0.07784540951251984, 0.07537054270505905, 0.0680243968963623, 0.05801780894398689, 0.04840086027979851, 0.041191406548023224, 0.03728857263922691, 0.03696613013744354]}