{"steps": [0, 1, 2, 3, 4, 5, 6, 7, 8, 9, 10, 11, 12, 13, 14], "naive_loss_list": [0.0413614884018898, 0.057732488960027695, 0.12041614949703217, 0.29628413915634155, 0.6387301087379456, 1.087795376777649, 1.474059820175171, 1.6343854665756226, 1.4988832473754883, 1.1263164281845093, 0.66208815574646, 0.29965925216674805, 0.11691216379404068, 0.053307708352804184, 0.03696613758802414], "activation_matching_loss_list": [0.041361497795138855, 0.04737477426237659, 0.05891900777054397, 0.07585313884954153, 0.09730336435787323, 0.1204002258277173, 0.13932138346730927, 0.147932481068758, 0.14285318170274414, 0.12541785493821633, 0.10130625543937455, 0.07676434924390345, 0.0566519495250267, 0.04333841690787705, 0.03696614020624063], "weight_matching_loss_list": [0.0413614884018898, 0.04433783143758774, 0.0519300252199173, 0.06498344242572784, 0.08413360267877579, 0.1107536181807518, 0.14801926910877228, 0.20699439942836761, 0.31335097551345825, 0.4960300028324127, 0.7501609325408936, 1.0592401027679443, 1.4168752431869507, 1.824398398399353, 2.296875476837158]}