{"steps": [0, 1, 2, 3, 4, 5, 6, 7, 8, 9, 10, 11, 12, 13, 14], "naive_loss_list": [0.0413614884018898, 0.05759691074490547, 0.12796419858932495, 0.3304484188556671, 0.7148066163063049, 1.186180830001831, 1.556607723236084, 1.6762923002243042, 1.4982314109802246, 1.0931377410888672, 0.6247232556343079, 0.27242690324783325, 0.10125819593667984, 0.04410365968942642, 0.030944494530558586], "activation_matching_loss_list": [0.041361497795138855, 0.04463047299531993, 0.05225985731806235, 0.0643009538285103, 0.07968352043605959, 0.09556712658756636, 0.10729063725982949, 0.11100338975771978, 0.1056874588856123, 0.09303412777732907, 0.07654227827490434, 0.060079877608620894, 0.046395586836640385, 0.03661037819924542, 0.03094450110545972], "weight_matching_loss_list": [0.0413614884018898, 0.041914381086826324, 0.04558757692575455, 0.051749661564826965, 0.059019532054662704, 0.06540091335773468, 0.0693572387099266, 0.0695805549621582, 0.06564665585756302, 0.05858268216252327, 0.05010460689663887, 0.04217871278524399, 0.036035194993019104, 0.032250817865133286, 0.030944494530558586]}