{"steps": [0, 1, 2, 3, 4, 5, 6, 7, 8, 9, 10, 11, 12, 13, 14], "naive_loss_list": [0.0413614884018898, 0.057732488960027695, 0.12041614949703217, 0.29628413915634155, 0.6387301087379456, 1.087795376777649, 1.474059820175171, 1.6343854665756226, 1.4988832473754883, 1.1263164281845093, 0.66208815574646, 0.29965925216674805, 0.11691216379404068, 0.053307708352804184, 0.03696613758802414], "activation_matching_loss_list": [0.041361497795138855, 0.04737477426237659, 0.05891900777054397, 0.07585313884954153, 0.09730336435787323, 0.1204002258277173, 0.13932138346730927, 0.147932481068758, 0.14285318170274414, 0.12541785493821633, 0.10130625543937455, 0.07676434924390345, 0.0566519495250267, 0.04333841690787705, 0.03696614020624063], "weight_matching_loss_list": [0.0413614884018898, 0.04494357481598854, 0.05253176763653755, 0.06383539736270905, 0.07793521881103516, 0.09311465173959732, 0.10622093826532364, 0.11364047229290009, 0.11248902231454849, 0.10226478427648544, 0.08640462905168533, 0.06918508559465408, 0.053710050880908966, 0.042778100818395615, 0.03696613386273384]}