{"steps": [0, 1, 2, 3, 4, 5, 6, 7, 8, 9, 10, 11, 12, 13, 14], "naive_loss_list": [1.1915643215179443, 1.3346569538116455, 1.6302568912506104, 1.915052056312561, 2.11037278175354, 2.2203023433685303, 2.2749109268188477, 2.293659210205078, 2.2821085453033447, 2.2303757667541504, 2.1223318576812744, 1.9375959634780884, 1.6721348762512207, 1.3853808641433716, 1.220901370048523], "activation_matching_loss_list": [1.191564405202527, 1.233038716245927, 1.2999829221574064, 1.3745324604869735, 1.4431003483960807, 1.497337206508949, 1.5328047521194734, 1.547362480829189, 1.5399923061734002, 1.511253849002606, 1.4628925787552216, 1.3990882750630915, 1.3283230011347817, 1.263155046060028, 1.2209014092355304], "weight_matching_loss_list": [1.1915643215179443, 1.2510124444961548, 1.3832112550735474, 1.549160122871399, 1.7121939659118652, 1.8437749147415161, 1.9300668239593506, 1.9648545980453491, 1.943368911743164, 1.864184021949768, 1.734641671180725, 1.5728665590286255, 1.4099985361099243, 1.2830129861831665, 1.220901608467102]}