{"steps": [0, 1, 2, 3, 4, 5, 6, 7, 8, 9, 10, 11, 12, 13, 14], "naive_loss_list": [1.2203047275543213, 1.344427227973938, 1.6104127168655396, 1.8850700855255127, 2.085482358932495, 2.2060463428497314, 2.2686800956726074, 2.291818618774414, 2.2809436321258545, 2.2337212562561035, 2.132166862487793, 1.949129343032837, 1.6781824827194214, 1.3843510150909424, 1.220901370048523], "activation_matching_loss_list": [1.2203046414377317, 1.2565684090465479, 1.3174478451142406, 1.3864993511987191, 1.4506961034943575, 1.501267036842784, 1.5329659426688687, 1.543403911393139, 1.5323534188572254, 1.5010878875384246, 1.4524614442655117, 1.3906864738338844, 1.3229802125870687, 1.2610803820573655, 1.2209014092355301], "weight_matching_loss_list": [1.2203047275543213, 1.2562862634658813, 1.342220425605774, 1.4514662027359009, 1.5605672597885132, 1.6522186994552612, 1.7140616178512573, 1.7402005195617676, 1.7277272939682007, 1.6779484748840332, 1.595372200012207, 1.4881641864776611, 1.3690959215164185, 1.2701059579849243, 1.2209014892578125]}