{"steps": [0, 1, 2, 3, 4, 5, 6, 7, 8, 9, 10, 11, 12, 13, 14], "naive_loss_list": [1.1915643215179443, 1.3350917100906372, 1.6011465787887573, 1.8703536987304688, 2.0719828605651855, 2.196521520614624, 2.2621049880981445, 2.2830135822296143, 2.265249729156494, 2.20365834236145, 2.083017349243164, 1.883071780204773, 1.6084033250808716, 1.3407694101333618, 1.237401008605957], "activation_matching_loss_list": [1.191564405202527, 1.2244864988131337, 1.2825046918281642, 1.3490602612083082, 1.4117102200262737, 1.4622682375692826, 1.4958440998863671, 1.510089652988373, 1.5038795154944982, 1.4776089297125963, 1.4334880466843845, 1.3763814719389402, 1.3155004123811533, 1.2636388063364103, 1.2374009745895604], "weight_matching_loss_list": [1.1915643215179443, 1.2336491346359253, 1.3307174444198608, 1.453857183456421, 1.575807809829712, 1.6737724542617798, 1.7364072799682617, 1.7597399950027466, 1.7428722381591797, 1.6858824491500854, 1.5931510925292969, 1.4738188982009888, 1.347977638244629, 1.252121090888977, 1.2374011278152466]}