{"steps": [0, 1, 2, 3, 4, 5, 6, 7, 8, 9, 10, 11, 12, 13, 14], "naive_loss_list": [1.237401008605957, 1.3522818088531494, 1.635239601135254, 1.9159349203109741, 2.113966703414917, 2.229471445083618, 2.283994674682617, 2.298722982406616, 2.282827377319336, 2.2315943241119385, 2.122831344604492, 1.9286940097808838, 1.6462560892105103, 1.3565924167633057, 1.2203047275543213], "activation_matching_loss_list": [1.2374009745895604, 1.2660354296137697, 1.3180402572140983, 1.3763961317069509, 1.4295692062973315, 1.4701200646941885, 1.4941939737233232, 1.4999617519545134, 1.4873080619679209, 1.4572263488627752, 1.412311719553061, 1.3568540014526607, 1.2986088089454557, 1.2483543913327686, 1.2203046414377317], "weight_matching_loss_list": [1.237401008605957, 1.2689454555511475, 1.3854148387908936, 1.5467793941497803, 1.709550142288208, 1.8394370079040527, 1.9181607961654663, 1.9407528638839722, 1.9062999486923218, 1.8169026374816895, 1.679661750793457, 1.5151203870773315, 1.3575211763381958, 1.247676968574524, 1.2203047275543213]}