{"steps": [0, 1, 2, 3, 4, 5, 6, 7, 8, 9, 10, 11, 12, 13, 14], "naive_loss_list": [1.237401008605957, 1.3345255851745605, 1.5820000171661377, 1.846996784210205, 2.0529096126556396, 2.1874094009399414, 2.2637672424316406, 2.2924301624298096, 2.2811343669891357, 2.227259874343872, 2.1135754585266113, 1.9187612533569336, 1.6446022987365723, 1.3675360679626465, 1.220901370048523], "activation_matching_loss_list": [1.2374009745895604, 1.271389219431105, 1.332292609964129, 1.4022396611588979, 1.4674594994844248, 1.5189734423812713, 1.55161321187768, 1.5628896190994308, 1.5514063664998998, 1.5176527985680988, 1.4644494534568375, 1.3968424248774323, 1.324456216479716, 1.2604412002125596, 1.2209014092355301], "weight_matching_loss_list": [1.237401008605957, 1.3005236387252808, 1.4510765075683594, 1.6380513906478882, 1.8131285905838013, 1.9515199661254883, 2.0403871536254883, 2.0724260807037354, 2.0424230098724365, 1.9491608142852783, 1.799540638923645, 1.6134836673736572, 1.4293949604034424, 1.288447380065918, 1.220901608467102]}