{"steps": [0, 1, 2, 3, 4, 5, 6, 7, 8, 9, 10, 11, 12, 13, 14], "naive_loss_list": [1.1915643215179443, 1.332893967628479, 1.6077333688735962, 1.8854091167449951, 2.0862796306610107, 2.2066762447357178, 2.267003297805786, 2.2840092182159424, 2.264582633972168, 2.2013230323791504, 2.0763025283813477, 1.8704637289047241, 1.591755747795105, 1.327773928642273, 1.2203047275543213], "activation_matching_loss_list": [1.191564405202527, 1.2253538877300825, 1.280419118650043, 1.3415064007789204, 1.397078921767831, 1.440177155028837, 1.4671599543980938, 1.476116875801209, 1.466367897352104, 1.4392077234767633, 1.3970388838289804, 1.3450533998461185, 1.290633184208534, 1.2445267802133984, 1.2203046414377317], "weight_matching_loss_list": [1.1915643215179443, 1.2422980070114136, 1.362735629081726, 1.5207771062850952, 1.6825538873672485, 1.8181703090667725, 1.9057646989822388, 1.9332475662231445, 1.8980529308319092, 1.8053703308105469, 1.666892409324646, 1.5043877363204956, 1.3522586822509766, 1.246638298034668, 1.2203047275543213]}