{"steps": [0, 1, 2, 3, 4, 5, 6, 7, 8, 9, 10, 11, 12, 13, 14], "naive_loss_list": [1.291609287261963, 1.3948867321014404, 1.6213035583496094, 1.8794270753860474, 2.0957276821136475, 2.2373902797698975, 2.309378147125244, 2.3291735649108887, 2.3048295974731445, 2.2272768020629883, 2.079987049102783, 1.8639345169067383, 1.621842384338379, 1.4256551265716553, 1.361692190170288], "activation_matching_loss_list": [1.291609271784147, 1.3133356651933343, 1.3508394771911807, 1.3949251108336267, 1.4381888449731663, 1.4750064082697931, 1.501645174370731, 1.5159971752668124, 1.5175500245495912, 1.5066989379195064, 1.484946127578122, 1.4549964073862445, 1.4207399650091228, 1.3874238593658719, 1.3616921028269362], "weight_matching_loss_list": [1.291609287261963, 1.330264925956726, 1.4256044626235962, 1.5531620979309082, 1.687780737876892, 1.8058428764343262, 1.886653184890747, 1.915367603302002, 1.886330246925354, 1.805248737335205, 1.6894793510437012, 1.563435435295105, 1.4516925811767578, 1.3773208856582642, 1.361692190170288]}