{"steps": [0, 1, 2, 3, 4, 5, 6, 7, 8, 9, 10, 11, 12, 13, 14], "naive_loss_list": [1.291609287261963, 1.4043195247650146, 1.6486135721206665, 1.923082947731018, 2.1465628147125244, 2.287217378616333, 2.3559601306915283, 2.375178575515747, 2.353442907333374, 2.277989387512207, 2.1256699562072754, 1.887934684753418, 1.605017066001892, 1.3728318214416504, 1.2995954751968384], "activation_matching_loss_list": [1.291609271784147, 1.3081764641639781, 1.3366945248452917, 1.3695112849237558, 1.4005508724731235, 1.425209790826381, 1.440548741545691, 1.4451799255723914, 1.4389928320464378, 1.4226646502282143, 1.3979468422771306, 1.3679058623828846, 1.3370421261795433, 1.3117274714949454, 1.2995953783624052], "weight_matching_loss_list": [1.291609287261963, 1.3265676498413086, 1.4102522134780884, 1.5200777053833008, 1.6349276304244995, 1.7351425886154175, 1.8025705814361572, 1.8238400220870972, 1.7936193943023682, 1.7168534994125366, 1.6081234216690063, 1.4892693758010864, 1.3831899166107178, 1.312525987625122, 1.2995954751968384]}