{"steps": [0, 1, 2, 3, 4, 5, 6, 7, 8, 9, 10, 11, 12, 13, 14], "naive_loss_list": [1.3277239799499512, 1.4862947463989258, 1.7376863956451416, 1.9848207235336304, 2.1720850467681885, 2.2899961471557617, 2.3494863510131836, 2.3649661540985107, 2.340656280517578, 2.265693187713623, 2.1225128173828125, 1.907496690750122, 1.6552722454071045, 1.442061185836792, 1.361692190170288], "activation_matching_loss_list": [1.3277241216712574, 1.3572246669435102, 1.3971116762629272, 1.43909320391595, 1.4768656624751693, 1.5059020888826757, 1.523626707000669, 1.5290237551891483, 1.5220313146043385, 1.5036756369067559, 1.4760971616877934, 1.4426745401427579, 1.4082538377924005, 1.378806380216755, 1.3616921028269362], "weight_matching_loss_list": [1.3277239799499512, 1.3990213871002197, 1.5184298753738403, 1.659396767616272, 1.7993170022964478, 1.9178602695465088, 1.9951388835906982, 2.015389919281006, 1.9725501537322998, 1.8739869594573975, 1.739218831062317, 1.5945764780044556, 1.4660714864730835, 1.3797882795333862, 1.3616920709609985]}