{"steps": [0, 1, 2, 3, 4, 5, 6, 7, 8, 9, 10, 11, 12, 13, 14], "naive_loss_list": [1.291609287261963, 1.4094077348709106, 1.6604039669036865, 1.9404984712600708, 2.1680493354797363, 2.30975079536438, 2.37597918510437, 2.392045736312866, 2.370739221572876, 2.305097818374634, 2.17742919921875, 1.9778498411178589, 1.7264072895050049, 1.4803861379623413, 1.3277239799499512], "activation_matching_loss_list": [1.291609271784147, 1.3125047866192983, 1.3472018948766893, 1.3880671142972683, 1.4282189048335059, 1.4625058307452583, 1.4873963938034527, 1.5006283462149668, 1.5013522685125549, 1.4895052012415038, 1.4663318520370232, 1.4342662811626419, 1.3968807886028232, 1.3591009404280763, 1.3277241216712574], "weight_matching_loss_list": [1.291609287261963, 1.335730791091919, 1.4420579671859741, 1.5827091932296753, 1.730584740638733, 1.8608580827713013, 1.9517006874084473, 1.9884835481643677, 1.966949701309204, 1.8930624723434448, 1.7811049222946167, 1.6484757661819458, 1.51352858543396, 1.3983339071273804, 1.3277239799499512]}