{"steps": [0, 1, 2, 3, 4, 5, 6, 7, 8, 9, 10, 11, 12, 13, 14], "naive_loss_list": [1.3277239799499512, 1.4788316488265991, 1.716295599937439, 1.951350212097168, 2.1353609561920166, 2.25435209274292, 2.3161001205444336, 2.334343194961548, 2.312788963317871, 2.238719940185547, 2.0904736518859863, 1.862282156944275, 1.5936812162399292, 1.3718812465667725, 1.2995954751968384], "activation_matching_loss_list": [1.3277241216712574, 1.3511945150395572, 1.3827314488697973, 1.4155604520691472, 1.4444946575771715, 1.465561972497588, 1.476359111646599, 1.4758908106444466, 1.4641487621344904, 1.441984146577617, 1.4114264529231766, 1.3761156031859392, 1.3411156596031788, 1.3129221744866866, 1.2995953783624055], "weight_matching_loss_list": [1.3277239799499512, 1.3817393779754639, 1.4732215404510498, 1.5820332765579224, 1.689232587814331, 1.7784310579299927, 1.8349900245666504, 1.8481892347335815, 1.8134244680404663, 1.7348201274871826, 1.624896764755249, 1.5034006834030151, 1.3931976556777954, 1.3177919387817383, 1.2995954751968384]}