{"steps": [0, 1, 2, 3, 4, 5, 6, 7, 8, 9, 10, 11, 12, 13, 14], "naive_loss_list": [1.2995954751968384, 1.3667922019958496, 1.5789467096328735, 1.8461462259292603, 2.080899953842163, 2.237241506576538, 2.3179736137390137, 2.3423097133636475, 2.319394588470459, 2.2410216331481934, 2.0929369926452637, 1.8769536018371582, 1.6324859857559204, 1.432208776473999, 1.361692190170288], "activation_matching_loss_list": [1.2995953783624055, 1.3177170893974346, 1.349371114308665, 1.3866729796185648, 1.4231871524629882, 1.4543080542079483, 1.476910155015938, 1.4892318022071536, 1.490821800634039, 1.4819582699606562, 1.4635264011023672, 1.437930786028941, 1.408730169675167, 1.3812552791914705, 1.3616921028269362], "weight_matching_loss_list": [1.2995954751968384, 1.3173580169677734, 1.4048885107040405, 1.5336334705352783, 1.6757056713104248, 1.8027918338775635, 1.8892273902893066, 1.9176476001739502, 1.8840358257293701, 1.7981319427490234, 1.6795146465301514, 1.5531656742095947, 1.443131446838379, 1.3717697858810425, 1.3616920709609985]}