{"steps": [0, 1, 2, 3, 4, 5, 6, 7, 8, 9, 10, 11, 12, 13, 14], "naive_loss_list": [0.167942, 0.20529103, 0.31815302, 0.55334777, 0.9078873, 1.2868927, 1.5706193, 1.6746836, 1.5613141, 1.2573991, 0.87222373, 0.5297998, 0.30902743, 0.20469575, 0.16986568], "weight_matching_loss_list": [0.167942, 0.18964724, 0.24636419, 0.3567336, 0.5312848, 0.74352086, 0.9259878, 1.0031291, 0.9361049, 0.75444776, 0.5402955, 0.3639674, 0.25104675, 0.19253846, 0.16986568]}
