{"steps": [0, 1, 2, 3, 4, 5, 6, 7, 8, 9, 10, 11, 12, 13, 14], "naive_loss_list": [0.16615924, 0.19917196, 0.29667354, 0.50910664, 0.85976446, 1.2772936, 1.6228445, 1.7634329, 1.6501738, 1.3262445, 0.9051507, 0.5357293, 0.30603245, 0.19991137, 0.16454399], "weight_matching_loss_list": [0.16615924, 0.19204625, 0.26868924, 0.43381065, 0.7112351, 1.0488001, 1.3261585, 1.4419335, 1.3575132, 1.0979593, 0.75413096, 0.45708832, 0.27646536, 0.19281887, 0.16454399]}