{"steps": [0, 1, 2, 3, 4, 5, 6, 7, 8, 9, 10, 11, 12, 13, 14], "naive_loss_list": [0.16321866, 0.19508874, 0.28862724, 0.49315575, 0.8335841, 1.2352011, 1.5589305, 1.6950558, 1.5905968, 1.2794286, 0.8763024, 0.5226894, 0.30288738, 0.2011505, 0.16711791], "weight_matching_loss_list": [0.16321866, 0.18820818, 0.25789747, 0.40472943, 0.6487505, 0.9439962, 1.1840421, 1.2716948, 1.1727653, 0.93214315, 0.6455957, 0.408795, 0.26280674, 0.19176823, 0.16711791]}
 
