{"steps": [0, 1, 2, 3, 4, 5, 6, 7, 8, 9, 10, 11, 12, 13, 14], "naive_loss_list": [0.1719463, 0.20594677, 0.31240928, 0.54513747, 0.91769177, 1.3412021, 1.6661974, 1.7860787, 1.6614176, 1.328131, 0.9009633, 0.53078187, 0.30442494, 0.2006151, 0.16639099], "weight_matching_loss_list": [0.1719463, 0.19676277, 0.2658893, 0.40588126, 0.6272603, 0.8874573, 1.09825, 1.1791308, 1.1000698, 0.8896874, 0.62850136, 0.4040598, 0.26165465, 0.19146219, 0.16639097]}