{"steps": [0, 1, 2, 3, 4, 5, 6, 7, 8, 9, 10, 11, 12, 13, 14], "naive_loss_list": [0.16603427, 0.1997413, 0.2991404, 0.5134278, 0.86273456, 1.2728512, 1.6037841, 1.7367772, 1.6305975, 1.3183783, 0.9065543, 0.5387161, 0.30723712, 0.20016344, 0.16543576], "weight_matching_loss_list": [0.16603427, 0.19046658, 0.25552619, 0.38561553, 0.58957267, 0.8294413, 1.022346, 1.0814724, 0.98855984, 0.7899324, 0.5597662, 0.36928093, 0.24896121, 0.18847318, 0.16543576]}