{"steps": [0, 1, 2, 3, 4, 5, 6, 7, 8, 9, 10, 11, 12, 13, 14], "naive_loss_list": [1.4416595697402954, 1.5305261611938477, 1.700781226158142, 1.8962597846984863, 2.071296453475952, 2.201524257659912, 2.278834104537964, 2.3004162311553955, 2.263417959213257, 2.167051315307617, 2.0139570236206055, 1.8208751678466797, 1.6272969245910645, 1.486015796661377, 1.4463008642196655], "activation_matching_loss_list": [1.4416596162275326, 1.4575681430326997, 1.4800318880878596, 1.5048673413368143, 1.5283952553748081, 1.5474446381893665, 1.55988259739968, 1.5641259027128573, 1.559581534608765, 1.5467049179460264, 1.5271495304245637, 1.5032776825084482, 1.4786944071605574, 1.4580255200328622, 1.4463008131578274], "weight_matching_loss_list": [1.4416595697402954, 1.4709585905075073, 1.5202715396881104, 1.5785136222839355, 1.6349802017211914, 1.6802613735198975, 1.7070845365524292, 1.7113189697265625, 1.692550778388977, 1.6539758443832397, 1.6016490459442139, 1.5435397624969482, 1.49041748046875, 1.4540313482284546, 1.446300983428955]}