{"steps": [0, 1, 2, 3, 4, 5, 6, 7, 8, 9, 10, 11, 12, 13, 14], "naive_loss_list": [1.4463008642196655, 1.4831894636154175, 1.616943597793579, 1.8000189065933228, 1.983882188796997, 2.1324918270111084, 2.2260525226593018, 2.2560055255889893, 2.2193660736083984, 2.1175475120544434, 1.9619108438491821, 1.7746214866638184, 1.5917214155197144, 1.467569351196289, 1.4561983346939087], "activation_matching_loss_list": [1.4463008131578274, 1.4635030683368726, 1.4879613866992325, 1.5148165571337409, 1.540004528417297, 1.5603699580540005, 1.5734883375798434, 1.57795176550608, 1.573426062694531, 1.56042743347352, 1.5405915768112446, 1.516556064523936, 1.4916517450417766, 1.4699578094380794, 1.4561983692000462], "weight_matching_loss_list": [1.4463008642196655, 1.4579362869262695, 1.4947105646133423, 1.5448176860809326, 1.5969713926315308, 1.6411291360855103, 1.6688992977142334, 1.6751232147216797, 1.658876895904541, 1.6233748197555542, 1.5749409198760986, 1.522861361503601, 1.4780421257019043, 1.4520026445388794, 1.4561983346939087]}