{"steps": [0, 1, 2, 3, 4, 5, 6, 7, 8, 9, 10, 11, 12, 13, 14], "naive_loss_list": [1.4416595697402954, 1.523697853088379, 1.6838207244873047, 1.870530366897583, 2.0407302379608154, 2.1694586277008057, 2.2476916313171387, 2.271131753921509, 2.234708547592163, 2.136749029159546, 1.9831085205078125, 1.7937391996383667, 1.6058059930801392, 1.4745820760726929, 1.4561983346939087], "activation_matching_loss_list": [1.4416596162275326, 1.462026407636012, 1.487160037281728, 1.5125554267271155, 1.534779010816492, 1.5512278644612276, 1.5602026793123518, 1.560775572814424, 1.553025294192397, 1.53798771466943, 1.5176230972472433, 1.4949602920559388, 1.4739345869900924, 1.459248837583352, 1.4561983692000462], "weight_matching_loss_list": [1.4416595697402954, 1.4633177518844604, 1.50272536277771, 1.5497597455978394, 1.59506356716156, 1.6307295560836792, 1.6504979133605957, 1.6507171392440796, 1.6308825016021729, 1.593974232673645, 1.5461483001708984, 1.4964271783828735, 1.4563337564468384, 1.4386366605758667, 1.4561983346939087]}