{"steps": [0, 1, 2, 3, 4, 5, 6, 7, 8, 9, 10, 11, 12, 13, 14], "naive_loss_list": [1.4601871967315674, 1.546005368232727, 1.702802062034607, 1.886568307876587, 2.0588979721069336, 2.1932687759399414, 2.273860454559326, 2.293131113052368, 2.2469661235809326, 2.1379554271698, 1.977135181427002, 1.785544991493225, 1.6014498472213745, 1.4753450155258179, 1.4561983346939087], "activation_matching_loss_list": [1.4601872281898782, 1.4776582816913377, 1.4989825796560963, 1.5204721633075202, 1.5389813552105838, 1.5520234446952488, 1.5581909404046428, 1.556806258082067, 1.547908738820262, 1.5325085460102388, 1.5125450119938069, 1.4909960516615195, 1.4715485209704506, 1.4584564790861387, 1.4561983692000462], "weight_matching_loss_list": [1.4601871967315674, 1.483432412147522, 1.525862455368042, 1.5757107734680176, 1.6233046054840088, 1.660313606262207, 1.680307388305664, 1.6797637939453125, 1.6576648950576782, 1.6167372465133667, 1.56390380859375, 1.5092543363571167, 1.4647923707962036, 1.443067193031311, 1.4561983346939087]}