{"steps": [0, 1, 2, 3, 4, 5, 6, 7, 8, 9, 10, 11, 12, 13, 14], "naive_loss_list": [1.4601871967315674, 1.5492604970932007, 1.713214635848999, 1.9022445678710938, 2.072207450866699, 2.1966962814331055, 2.2668957710266113, 2.2820465564727783, 2.2422237396240234, 2.1476035118103027, 2.0008904933929443, 1.8155003786087036, 1.6257051229476929, 1.48502779006958, 1.4463008642196655], "activation_matching_loss_list": [1.4601872281898782, 1.4768387371356793, 1.4973377702314645, 1.518412937177596, 1.5374177406518097, 1.5519792080100872, 1.5605484212006608, 1.56218353917675, 1.5566168669394682, 1.5442473934026157, 1.5260677563697391, 1.5041724303550998, 1.4812540529751086, 1.4606760387813336, 1.4463008131578274], "weight_matching_loss_list": [1.4601871967315674, 1.4758433103561401, 1.5127497911453247, 1.5605583190917969, 1.6093453168869019, 1.6505788564682007, 1.6766215562820435, 1.6821948289871216, 1.6654794216156006, 1.629010796546936, 1.578826904296875, 1.5237994194030762, 1.475038766860962, 1.4449604749679565, 1.446300983428955]}