{"steps": [0, 1, 2, 3, 4, 5, 6, 7, 8, 9, 10, 11, 12, 13, 14], "naive_loss_list": [1.4601871967315674, 1.5474923849105835, 1.7073986530303955, 1.8892982006072998, 2.0552759170532227, 2.182554006576538, 2.2602312564849854, 2.2836103439331055, 2.249587297439575, 2.1604995727539062, 2.0224366188049316, 1.8492584228515625, 1.6676537990570068, 1.5172442197799683, 1.4416595697402954], "activation_matching_loss_list": [1.4601872281898782, 1.4741515427385337, 1.494885070676544, 1.5179153410742119, 1.5396511581858605, 1.5572037027323629, 1.5683436738064223, 1.5717263531546417, 1.5669356191440658, 1.5543797021218053, 1.5351907585642202, 1.5111110539798027, 1.4849597780490553, 1.4604071075256453, 1.4416596162275328], "weight_matching_loss_list": [1.4601871967315674, 1.4799555540084839, 1.5175725221633911, 1.5642658472061157, 1.611630916595459, 1.6519660949707031, 1.6785333156585693, 1.6868252754211426, 1.675255537033081, 1.645194172859192, 1.6011507511138916, 1.5498913526535034, 1.499688744544983, 1.4602344036102295, 1.4416595697402954]}