{"steps": [0, 1, 2, 3, 4, 5, 6, 7, 8, 9, 10, 11, 12, 13, 14], "naive_loss_list": [0.061376553028821945, 0.07845736294984818, 0.15166975557804108, 0.3478797376155853, 0.7139145135879517, 1.1680855751037598, 1.527675747871399, 1.6519503593444824, 1.5033162832260132, 1.1451350450515747, 0.7059329152107239, 0.33922329545021057, 0.13906852900981903, 0.06589774787425995, 0.04711141809821129], "activation_matching_loss_list": [0.06137656676016282, 0.06494593889764745, 0.07209653749311555, 0.08213737319521014, 0.09353500373825023, 0.10372760073571922, 0.1100803362394587, 0.11058087955770245, 0.10476780317773608, 0.09384598726646567, 0.0804086434827101, 0.067417114498677, 0.056999069685900745, 0.05012282589755098, 0.047111419925602055], "weight_matching_loss_list": [0.061376553028821945, 0.06331895291805267, 0.07074198126792908, 0.08354651927947998, 0.10036357492208481, 0.1177724227309227, 0.1308853179216385, 0.13502560555934906, 0.12828074395656586, 0.1128152534365654, 0.09357212483882904, 0.07545096427202225, 0.061342209577560425, 0.05192938074469566, 0.04711141064763069]}