{"steps": [0, 1, 2, 3, 4, 5, 6, 7, 8, 9, 10, 11, 12, 13, 14], "naive_loss_list": [0.06203079596161842, 0.08388565480709076, 0.1649637520313263, 0.3809414505958557, 0.7813288569450378, 1.258556604385376, 1.6230127811431885, 1.7567811012268066, 1.6238130331039429, 1.2593355178833008, 0.7756658792495728, 0.3632563054561615, 0.1445777714252472, 0.06687191128730774, 0.04711141809821129], "activation_matching_loss_list": [0.06203080070726114, 0.06133278826715006, 0.06400653755989873, 0.06941188718973296, 0.07620079948471885, 0.08273264926715654, 0.08717259271945067, 0.08807267467299945, 0.08501423690885661, 0.07863974591665823, 0.0704599292093765, 0.06217040325127334, 0.05504302424517147, 0.049868308485764866, 0.047111419925602055], "weight_matching_loss_list": [0.06203079596161842, 0.061556171625852585, 0.06548897176980972, 0.07326988875865936, 0.08369138091802597, 0.09435336291790009, 0.1021643877029419, 0.10437701642513275, 0.10002648085355759, 0.09027466177940369, 0.07785098254680634, 0.0657343789935112, 0.05595943704247475, 0.04968395456671715, 0.04711141437292099]}