{"steps": [0, 1, 2, 3, 4, 5, 6, 7, 8, 9, 10, 11, 12, 13, 14], "naive_loss_list": [0.061376553028821945, 0.08093856275081635, 0.15736988186836243, 0.36166274547576904, 0.7507953643798828, 1.2414448261260986, 1.6436983346939087, 1.809308409690857, 1.6871609687805176, 1.3118388652801514, 0.8093579411506653, 0.3777109682559967, 0.14966298639774323, 0.07251396030187607, 0.055628012865781784], "activation_matching_loss_list": [0.06137656676016282, 0.06625827011632253, 0.07607240360331617, 0.09210219107854069, 0.11441677998724863, 0.13940154649470057, 0.159124513579746, 0.16562188707309058, 0.1561400922962333, 0.13443620632462921, 0.10850494959350283, 0.08586621929717364, 0.06994557101251576, 0.06019431409838286, 0.055628020756404925], "weight_matching_loss_list": [0.061376553028821945, 0.06717102974653244, 0.07787446677684784, 0.09309358149766922, 0.11138353496789932, 0.129139706492424, 0.14147797226905823, 0.14384526014328003, 0.13520510494709015, 0.11816403269767761, 0.09793659299612045, 0.07944369316101074, 0.06566744297742844, 0.05772286653518677, 0.055628012865781784]}