{"steps": [0, 1, 2, 3, 4, 5, 6, 7, 8, 9, 10, 11, 12, 13, 14], "naive_loss_list": [0.061376553028821945, 0.08021825551986694, 0.15381890535354614, 0.35303300619125366, 0.738102912902832, 1.2204699516296387, 1.6035479307174683, 1.756724238395691, 1.6350849866867065, 1.268735647201538, 0.7773709893226624, 0.3697582483291626, 0.1580444872379303, 0.0814700722694397, 0.06203079596161842], "activation_matching_loss_list": [0.06137656676016282, 0.06785506906329766, 0.07957808165030537, 0.09648886370253822, 0.11693802059203912, 0.13706334067901632, 0.1518655397902975, 0.15690074094608458, 0.1506743540061121, 0.13512349638287396, 0.11468779795346136, 0.09454396337873125, 0.07837565043890198, 0.06758879627774203, 0.06203080070726113], "weight_matching_loss_list": [0.061376553028821945, 0.06660887598991394, 0.07709896564483643, 0.09229885786771774, 0.11063634604215622, 0.12847566604614258, 0.14117677509784698, 0.1448921114206314, 0.13866886496543884, 0.12445846945047379, 0.10635493695735931, 0.08878782391548157, 0.07485133409500122, 0.06589946150779724, 0.06203079596161842]}