{"steps": [0, 1, 2, 3, 4, 5, 6, 7, 8, 9, 10, 11, 12, 13, 14], "naive_loss_list": [0.06203079596161842, 0.08837890625, 0.17734120786190033, 0.40577349066734314, 0.8188391923904419, 1.3056799173355103, 1.6849279403686523, 1.838297724723816, 1.721695899963379, 1.3583978414535522, 0.8614793419837952, 0.4191286563873291, 0.17031466960906982, 0.07952982932329178, 0.055628012865781784], "activation_matching_loss_list": [0.06203080070726114, 0.06703668890719777, 0.07614711517220753, 0.08907243798333905, 0.10439303033253344, 0.11981248671139004, 0.1317585866223988, 0.13675357022904522, 0.1331965215880001, 0.12173222513519577, 0.10540185431935067, 0.08818228185680702, 0.07327677752210573, 0.06232006301106163, 0.055628020756404925], "weight_matching_loss_list": [0.06203079596161842, 0.06753778457641602, 0.07762685418128967, 0.09187919646501541, 0.10879214853048325, 0.1251545250415802, 0.13679160177707672, 0.14013977348804474, 0.13364656269550323, 0.1189069151878357, 0.10025251656770706, 0.08238479495048523, 0.06840725243091583, 0.059557534754276276, 0.05562800541520119]}