{"steps": [0, 1, 2, 3, 4, 5, 6, 7, 8, 9, 10, 11, 12, 13, 14], "naive_loss_list": [0.055628012865781784, 0.07147805392742157, 0.1452791541814804, 0.3585323989391327, 0.7695570588111877, 1.2591866254806519, 1.6238740682601929, 1.7416901588439941, 1.5806145668029785, 1.1897639036178589, 0.7109264731407166, 0.32959869503974915, 0.1342526376247406, 0.06484533846378326, 0.04711141809821129], "activation_matching_loss_list": [0.05562802075640493, 0.060281159698028115, 0.06778679556333263, 0.07736941825035504, 0.08753611737885779, 0.09617073767952819, 0.10103566931487977, 0.10076178793870372, 0.09530233105771735, 0.08581389992304957, 0.07460848791299181, 0.06394273922390634, 0.05536593032418087, 0.04969030657503645, 0.047111419925602055], "weight_matching_loss_list": [0.055628012865781784, 0.05677904188632965, 0.06280603259801865, 0.07332976907491684, 0.08696973323822021, 0.10091780126094818, 0.11123976111412048, 0.11467639356851578, 0.11011841893196106, 0.09902583807706833, 0.08481989800930023, 0.07095446437597275, 0.05963871255517006, 0.051706939935684204, 0.04711141809821129]}